NOME,FASE_2022,NIVEL_IDEAL_2022
ALUNO-1,,
ALUNO-2,0,Fase 2 (5º e 6º ano)
ALUNO-3,,
ALUNO-4,2,Fase 3 (7º e 8º ano)
ALUNO-5,2,Fase 3 (7º e 8º ano)
ALUNO-6,2,Fase 2 (5º e 6º ano)
ALUNO-7,1,Fase 2 (5º e 6º ano)
ALUNO-8,5,Fase 6 (2º EM)
ALUNO-9,0,ALFA  (2º e 3º ano)
ALUNO-10,,
ALUNO-11,1,Fase 2 (5º e 6º ano)
ALUNO-12,,
ALUNO-13,,
ALUNO-14,,
ALUNO-15,,
ALUNO-16,1,Fase 2 (5º e 6º ano)
ALUNO-17,1,Fase 3 (7º e 8º ano)
ALUNO-18,4,Fase 6 (2º EM)
ALUNO-19,2,Fase 3 (7º e 8º ano)
ALUNO-20,0,ALFA  (2º e 3º ano)
ALUNO-21,3,Fase 6 (2º EM)
ALUNO-22,0,ALFA  (2º e 3º ano)
ALUNO-23,1,Fase 2 (5º e 6º ano)
ALUNO-24,2,Fase 2 (5º e 6º ano)
ALUNO-25,0,ALFA  (2º e 3º ano)
ALUNO-26,0,Fase 1 (4º ano)
ALUNO-27,2,Fase 4 (9º ano)
ALUNO-28,,
ALUNO-29,3,Fase 6 (2º EM)
ALUNO-30,0,Fase 1 (4º ano)
ALUNO-31,0,ALFA  (2º e 3º ano)
ALUNO-32,7,Fase 8 (Universitários)
ALUNO-33,,
ALUNO-34,3,Fase 4 (9º ano)
ALUNO-35,,
ALUNO-36,4,Fase 6 (2º EM)
ALUNO-37,2,Fase 3 (7º e 8º ano)
ALUNO-38,3,Fase 4 (9º ano)
ALUNO-39,,
ALUNO-40,,
ALUNO-41,,
ALUNO-42,0,ALFA  (2º e 3º ano)
ALUNO-43,,
ALUNO-44,,
ALUNO-45,2,Fase 3 (7º e 8º ano)
ALUNO-46,1,Fase 1 (4º ano)
ALUNO-47,1,Fase 2 (5º e 6º ano)
ALUNO-48,5,Fase 6 (2º EM)
ALUNO-49,0,Fase 1 (4º ano)
ALUNO-50,3,Fase 3 (7º e 8º ano)
ALUNO-51,1,Fase 2 (5º e 6º ano)
ALUNO-52,,
ALUNO-53,,
ALUNO-54,,
ALUNO-55,,
ALUNO-56,7,Fase 8 (Universitários)
ALUNO-57,,
ALUNO-58,3,Fase 4 (9º ano)
ALUNO-59,,
ALUNO-60,7,Fase 8 (Universitários)
ALUNO-61,2,Fase 3 (7º e 8º ano)
ALUNO-62,,
ALUNO-63,0,Fase 1 (4º ano)
ALUNO-64,3,Fase 5 (1º EM)
ALUNO-65,1,Fase 2 (5º e 6º ano)
ALUNO-66,3,Fase 3 (7º e 8º ano)
ALUNO-67,1,Fase 2 (5º e 6º ano)
ALUNO-68,,
ALUNO-69,0,Fase 1 (4º ano)
ALUNO-70,2,Fase 2 (5º e 6º ano)
ALUNO-71,,
ALUNO-72,0,Fase 1 (4º ano)
ALUNO-73,4,Fase 6 (2º EM)
ALUNO-74,4,Fase 5 (1º EM)
ALUNO-75,5,Fase 3 (7º e 8º ano)
ALUNO-76,1,Fase 1 (4º ano)
ALUNO-77,0,Fase 2 (5º e 6º ano)
ALUNO-78,1,Fase 3 (7º e 8º ano)
ALUNO-79,3,Fase 3 (7º e 8º ano)
ALUNO-80,2,Fase 3 (7º e 8º ano)
ALUNO-81,6,Fase 7 (3º EM)
ALUNO-82,,
ALUNO-83,5,Fase 6 (2º EM)
ALUNO-84,1,Fase 2 (5º e 6º ano)
ALUNO-85,1,Fase 2 (5º e 6º ano)
ALUNO-86,,
ALUNO-87,5,Fase 6 (2º EM)
ALUNO-88,3,Fase 3 (7º e 8º ano)
ALUNO-89,,
ALUNO-90,5,Fase 6 (2º EM)
ALUNO-91,2,Fase 3 (7º e 8º ano)
ALUNO-92,0,Fase 2 (5º e 6º ano)
ALUNO-93,,
ALUNO-94,,
ALUNO-95,,
ALUNO-96,,
ALUNO-97,3,Fase 3 (7º e 8º ano)
ALUNO-98,3,Fase 5 (1º EM)
ALUNO-99,7,Fase 8 (Universitários)
ALUNO-100,2,Fase 4 (9º ano)
ALUNO-101,3,Fase 3 (7º e 8º ano)
ALUNO-102,1,Fase 2 (5º e 6º ano)
ALUNO-103,1,Fase 2 (5º e 6º ano)
ALUNO-104,0,ALFA  (2º e 3º ano)
ALUNO-105,,
ALUNO-106,,
ALUNO-107,0,Fase 2 (5º e 6º ano)
ALUNO-108,0,Fase 1 (4º ano)
ALUNO-109,,
ALUNO-110,0,ALFA  (2º e 3º ano)
ALUNO-111,,
ALUNO-112,,
ALUNO-113,3,Fase 3 (7º e 8º ano)
ALUNO-114,0,Fase 1 (4º ano)
ALUNO-115,,
ALUNO-116,2,Fase 2 (5º e 6º ano)
ALUNO-117,,
ALUNO-118,1,Fase 2 (5º e 6º ano)
ALUNO-119,3,Fase 3 (7º e 8º ano)
ALUNO-120,,
ALUNO-121,2,Fase 3 (7º e 8º ano)
ALUNO-122,1,Fase 1 (4º ano)
ALUNO-123,2,Fase 2 (5º e 6º ano)
ALUNO-124,1,Fase 1 (4º ano)
ALUNO-125,,
ALUNO-126,0,Fase 2 (5º e 6º ano)
ALUNO-127,1,Fase 2 (5º e 6º ano)
ALUNO-128,0,Fase 2 (5º e 6º ano)
ALUNO-129,2,Fase 3 (7º e 8º ano)
ALUNO-130,0,ALFA  (2º e 3º ano)
ALUNO-131,3,Fase 3 (7º e 8º ano)
ALUNO-132,,
ALUNO-133,1,Fase 3 (7º e 8º ano)
ALUNO-134,3,Fase 5 (1º EM)
ALUNO-135,1,Fase 2 (5º e 6º ano)
ALUNO-136,,
ALUNO-137,,
ALUNO-138,0,Fase 1 (4º ano)
ALUNO-139,,
ALUNO-140,0,Fase 2 (5º e 6º ano)
ALUNO-141,3,Fase 3 (7º e 8º ano)
ALUNO-142,3,Fase 4 (9º ano)
ALUNO-143,3,Fase 4 (9º ano)
ALUNO-144,4,Fase 5 (1º EM)
ALUNO-145,,
ALUNO-146,,
ALUNO-147,,
ALUNO-148,1,Fase 2 (5º e 6º ano)
ALUNO-149,,
ALUNO-150,2,Fase 3 (7º e 8º ano)
ALUNO-151,3,Fase 3 (7º e 8º ano)
ALUNO-152,4,Fase 3 (7º e 8º ano)
ALUNO-153,5,Fase 5 (1º EM)
ALUNO-154,1,Fase 3 (7º e 8º ano)
ALUNO-155,,
ALUNO-156,4,Fase 4 (9º ano)
ALUNO-157,,
ALUNO-158,4,Fase 6 (2º EM)
ALUNO-159,0,Fase 2 (5º e 6º ano)
ALUNO-160,,
ALUNO-161,,
ALUNO-162,,
ALUNO-163,,
ALUNO-164,2,Fase 3 (7º e 8º ano)
ALUNO-165,1,Fase 3 (7º e 8º ano)
ALUNO-166,1,Fase 2 (5º e 6º ano)
ALUNO-167,2,Fase 2 (5º e 6º ano)
ALUNO-168,2,Fase 3 (7º e 8º ano)
ALUNO-169,0,Fase 2 (5º e 6º ano)
ALUNO-170,1,Fase 3 (7º e 8º ano)
ALUNO-171,4,Fase 5 (1º EM)
ALUNO-172,1,Fase 2 (5º e 6º ano)
ALUNO-173,,
ALUNO-174,,
ALUNO-175,4,Fase 4 (9º ano)
ALUNO-176,3,Fase 4 (9º ano)
ALUNO-177,0,ALFA  (2º e 3º ano)
ALUNO-178,0,ALFA  (2º e 3º ano)
ALUNO-179,2,Fase 3 (7º e 8º ano)
ALUNO-180,0,Fase 1 (4º ano)
ALUNO-181,0,Fase 1 (4º ano)
ALUNO-182,0,ALFA  (2º e 3º ano)
ALUNO-183,,
ALUNO-184,,
ALUNO-185,0,Fase 1 (4º ano)
ALUNO-186,,
ALUNO-187,,
ALUNO-188,,
ALUNO-189,,
ALUNO-190,,
ALUNO-191,1,Fase 2 (5º e 6º ano)
ALUNO-192,2,Fase 3 (7º e 8º ano)
ALUNO-193,4,Fase 5 (1º EM)
ALUNO-194,,
ALUNO-195,2,Fase 3 (7º e 8º ano)
ALUNO-196,3,Fase 5 (1º EM)
ALUNO-197,4,Fase 4 (9º ano)
ALUNO-198,,
ALUNO-199,,
ALUNO-200,4,Fase 5 (1º EM)
ALUNO-201,5,Fase 6 (2º EM)
ALUNO-202,,
ALUNO-203,2,Fase 2 (5º e 6º ano)
ALUNO-204,1,Fase 2 (5º e 6º ano)
ALUNO-205,0,Fase 1 (4º ano)
ALUNO-206,,
ALUNO-207,3,Fase 5 (1º EM)
ALUNO-208,,
ALUNO-209,,
ALUNO-210,,
ALUNO-211,1,Fase 2 (5º e 6º ano)
ALUNO-212,0,Fase 2 (5º e 6º ano)
ALUNO-213,,
ALUNO-214,2,Fase 4 (9º ano)
ALUNO-215,,
ALUNO-216,,
ALUNO-217,2,Fase 2 (5º e 6º ano)
ALUNO-218,1,Fase 1 (4º ano)
ALUNO-219,2,Fase 3 (7º e 8º ano)
ALUNO-220,1,Fase 2 (5º e 6º ano)
ALUNO-221,3,Fase 5 (1º EM)
ALUNO-222,,
ALUNO-223,,
ALUNO-224,1,Fase 2 (5º e 6º ano)
ALUNO-225,5,Fase 6 (2º EM)
ALUNO-226,,
ALUNO-227,,
ALUNO-228,1,Fase 2 (5º e 6º ano)
ALUNO-229,0,Fase 2 (5º e 6º ano)
ALUNO-230,,
ALUNO-231,,
ALUNO-232,6,Fase 7 (3º EM)
ALUNO-233,0,ALFA  (2º e 3º ano)
ALUNO-234,0,ALFA  (2º e 3º ano)
ALUNO-235,4,Fase 4 (9º ano)
ALUNO-236,0,ALFA  (2º e 3º ano)
ALUNO-237,2,Fase 4 (9º ano)
ALUNO-238,,
ALUNO-239,1,Fase 3 (7º e 8º ano)
ALUNO-240,,
ALUNO-241,2,Fase 3 (7º e 8º ano)
ALUNO-242,2,Fase 3 (7º e 8º ano)
ALUNO-243,,
ALUNO-244,0,ALFA  (2º e 3º ano)
ALUNO-245,0,Fase 2 (5º e 6º ano)
ALUNO-246,1,Fase 3 (7º e 8º ano)
ALUNO-247,1,Fase 2 (5º e 6º ano)
ALUNO-248,1,Fase 2 (5º e 6º ano)
ALUNO-249,,
ALUNO-250,0,ALFA  (2º e 3º ano)
ALUNO-251,2,Fase 2 (5º e 6º ano)
ALUNO-252,0,Fase 2 (5º e 6º ano)
ALUNO-253,0,Fase 1 (4º ano)
ALUNO-254,0,ALFA  (2º e 3º ano)
ALUNO-255,0,ALFA  (2º e 3º ano)
ALUNO-256,1,Fase 1 (4º ano)
ALUNO-257,2,Fase 3 (7º e 8º ano)
ALUNO-258,0,Fase 2 (5º e 6º ano)
ALUNO-259,,
ALUNO-260,0,Fase 2 (5º e 6º ano)
ALUNO-261,,
ALUNO-262,7,Fase 7 (3º EM)
ALUNO-263,7,Fase 7 (3º EM)
ALUNO-264,1,Fase 2 (5º e 6º ano)
ALUNO-265,,
ALUNO-266,2,Fase 2 (5º e 6º ano)
ALUNO-267,4,Fase 6 (2º EM)
ALUNO-268,0,Fase 1 (4º ano)
ALUNO-269,,
ALUNO-270,,
ALUNO-271,,
ALUNO-272,1,Fase 1 (4º ano)
ALUNO-273,1,Fase 2 (5º e 6º ano)
ALUNO-274,,
ALUNO-275,4,Fase 5 (1º EM)
ALUNO-276,0,Fase 1 (4º ano)
ALUNO-277,1,Fase 4 (9º ano)
ALUNO-278,,
ALUNO-279,3,Fase 4 (9º ano)
ALUNO-280,,
ALUNO-281,1,Fase 2 (5º e 6º ano)
ALUNO-282,6,Fase 7 (3º EM)
ALUNO-283,6,Fase 7 (3º EM)
ALUNO-284,,
ALUNO-285,,
ALUNO-286,,
ALUNO-287,,
ALUNO-288,4,Fase 3 (7º e 8º ano)
ALUNO-289,1,Fase 2 (5º e 6º ano)
ALUNO-290,2,Fase 2 (5º e 6º ano)
ALUNO-291,2,Fase 3 (7º e 8º ano)
ALUNO-292,6,Fase 7 (3º EM)
ALUNO-293,5,Fase 6 (2º EM)
ALUNO-294,0,ALFA  (2º e 3º ano)
ALUNO-295,2,Fase 2 (5º e 6º ano)
ALUNO-296,2,Fase 3 (7º e 8º ano)
ALUNO-297,,
ALUNO-298,1,Fase 4 (9º ano)
ALUNO-299,,
ALUNO-300,,
ALUNO-301,2,Fase 2 (5º e 6º ano)
ALUNO-302,0,ALFA  (2º e 3º ano)
ALUNO-303,,
ALUNO-304,0,Fase 1 (4º ano)
ALUNO-305,4,Fase 5 (1º EM)
ALUNO-306,,
ALUNO-307,3,Fase 3 (7º e 8º ano)
ALUNO-308,0,Fase 2 (5º e 6º ano)
ALUNO-309,,
ALUNO-310,,
ALUNO-311,0,Fase 1 (4º ano)
ALUNO-312,3,Fase 3 (7º e 8º ano)
ALUNO-313,1,Fase 3 (7º e 8º ano)
ALUNO-314,2,Fase 3 (7º e 8º ano)
ALUNO-315,,
ALUNO-316,3,Fase 3 (7º e 8º ano)
ALUNO-317,0,Fase 2 (5º e 6º ano)
ALUNO-318,,
ALUNO-319,,
ALUNO-320,2,Fase 2 (5º e 6º ano)
ALUNO-321,,
ALUNO-322,1,Fase 2 (5º e 6º ano)
ALUNO-323,1,Fase 3 (7º e 8º ano)
ALUNO-324,,
ALUNO-325,0,Fase 1 (4º ano)
ALUNO-326,0,Fase 1 (4º ano)
ALUNO-327,0,ALFA  (2º e 3º ano)
ALUNO-328,,
ALUNO-329,,
ALUNO-330,3,Fase 3 (7º e 8º ano)
ALUNO-331,1,Fase 1 (4º ano)
ALUNO-332,2,Fase 2 (5º e 6º ano)
ALUNO-333,0,ALFA  (2º e 3º ano)
ALUNO-334,0,ALFA  (2º e 3º ano)
ALUNO-335,,
ALUNO-336,0,Fase 2 (5º e 6º ano)
ALUNO-337,6,Fase 7 (3º EM)
ALUNO-338,,
ALUNO-339,,
ALUNO-340,5,Fase 6 (2º EM)
ALUNO-341,,
ALUNO-342,3,Fase 3 (7º e 8º ano)
ALUNO-343,,
ALUNO-344,,
ALUNO-345,1,Fase 2 (5º e 6º ano)
ALUNO-346,,
ALUNO-347,0,ALFA  (2º e 3º ano)
ALUNO-348,1,Fase 2 (5º e 6º ano)
ALUNO-349,,
ALUNO-350,0,ALFA  (2º e 3º ano)
ALUNO-351,2,Fase 2 (5º e 6º ano)
ALUNO-352,4,Fase 5 (1º EM)
ALUNO-353,,
ALUNO-354,,
ALUNO-355,,
ALUNO-356,0,Fase 1 (4º ano)
ALUNO-357,3,Fase 4 (9º ano)
ALUNO-358,7,Fase 8 (Universitários)
ALUNO-359,3,Fase 3 (7º e 8º ano)
ALUNO-360,3,Fase 3 (7º e 8º ano)
ALUNO-361,,
ALUNO-362,3,Fase 3 (7º e 8º ano)
ALUNO-363,0,Fase 1 (4º ano)
ALUNO-364,2,Fase 2 (5º e 6º ano)
ALUNO-365,7,Fase 7 (3º EM)
ALUNO-366,3,Fase 4 (9º ano)
ALUNO-367,,
ALUNO-368,,
ALUNO-369,5,Fase 7 (3º EM)
ALUNO-370,4,Fase 5 (1º EM)
ALUNO-371,,
ALUNO-372,,
ALUNO-373,5,Fase 6 (2º EM)
ALUNO-374,,
ALUNO-375,3,Fase 3 (7º e 8º ano)
ALUNO-376,,
ALUNO-377,3,Fase 3 (7º e 8º ano)
ALUNO-378,7,Fase 7 (3º EM)
ALUNO-379,,
ALUNO-380,,
ALUNO-381,0,Fase 2 (5º e 6º ano)
ALUNO-382,,
ALUNO-383,,
ALUNO-384,,
ALUNO-385,,
ALUNO-386,0,Fase 1 (4º ano)
ALUNO-387,4,Fase 5 (1º EM)
ALUNO-388,2,Fase 4 (9º ano)
ALUNO-389,,
ALUNO-390,,
ALUNO-391,0,Fase 1 (4º ano)
ALUNO-392,0,ALFA  (2º e 3º ano)
ALUNO-393,,
ALUNO-394,4,Fase 7 (3º EM)
ALUNO-395,3,Fase 6 (2º EM)
ALUNO-396,6,Fase 7 (3º EM)
ALUNO-397,,
ALUNO-398,0,ALFA  (2º e 3º ano)
ALUNO-399,,
ALUNO-400,,
ALUNO-401,,
ALUNO-402,0,ALFA  (2º e 3º ano)
ALUNO-403,4,Fase 4 (9º ano)
ALUNO-404,5,Fase 5 (1º EM)
ALUNO-405,1,Fase 1 (4º ano)
ALUNO-406,1,Fase 3 (7º e 8º ano)
ALUNO-407,5,Fase 5 (1º EM)
ALUNO-408,,
ALUNO-409,2,Fase 3 (7º e 8º ano)
ALUNO-410,0,Fase 1 (4º ano)
ALUNO-411,0,ALFA  (2º e 3º ano)
ALUNO-412,1,Fase 1 (4º ano)
ALUNO-413,2,Fase 3 (7º e 8º ano)
ALUNO-414,,
ALUNO-415,4,Fase 8 (Universitários)
ALUNO-416,3,Fase 5 (1º EM)
ALUNO-417,1,Fase 1 (4º ano)
ALUNO-418,0,Fase 2 (5º e 6º ano)
ALUNO-419,4,Fase 6 (2º EM)
ALUNO-420,1,Fase 2 (5º e 6º ano)
ALUNO-421,5,Fase 7 (3º EM)
ALUNO-422,1,Fase 2 (5º e 6º ano)
ALUNO-423,,
ALUNO-424,2,Fase 4 (9º ano)
ALUNO-425,4,Fase 5 (1º EM)
ALUNO-426,,
ALUNO-427,0,ALFA  (2º e 3º ano)
ALUNO-428,1,Fase 2 (5º e 6º ano)
ALUNO-429,2,Fase 3 (7º e 8º ano)
ALUNO-430,0,Fase 2 (5º e 6º ano)
ALUNO-431,,
ALUNO-432,1,Fase 2 (5º e 6º ano)
ALUNO-433,2,Fase 2 (5º e 6º ano)
ALUNO-434,3,Fase 4 (9º ano)
ALUNO-435,,
ALUNO-436,2,Fase 3 (7º e 8º ano)
ALUNO-437,1,Fase 2 (5º e 6º ano)
ALUNO-438,7,Fase 8 (Universitários)
ALUNO-439,,
ALUNO-440,,
ALUNO-441,3,Fase 3 (7º e 8º ano)
ALUNO-442,,
ALUNO-443,,
ALUNO-444,2,Fase 3 (7º e 8º ano)
ALUNO-445,,
ALUNO-446,0,Fase 2 (5º e 6º ano)
ALUNO-447,1,Fase 3 (7º e 8º ano)
ALUNO-448,2,Fase 3 (7º e 8º ano)
ALUNO-449,2,Fase 2 (5º e 6º ano)
ALUNO-450,5,Fase 7 (3º EM)
ALUNO-451,,
ALUNO-452,1,Fase 2 (5º e 6º ano)
ALUNO-453,,
ALUNO-454,5,Fase 7 (3º EM)
ALUNO-455,2,Fase 2 (5º e 6º ano)
ALUNO-456,1,Fase 2 (5º e 6º ano)
ALUNO-457,,
ALUNO-458,,
ALUNO-459,,
ALUNO-460,,
ALUNO-461,1,Fase 2 (5º e 6º ano)
ALUNO-462,,
ALUNO-463,5,Fase 4 (9º ano)
ALUNO-464,,
ALUNO-465,1,Fase 2 (5º e 6º ano)
ALUNO-466,,
ALUNO-467,,
ALUNO-468,,
ALUNO-469,4,Fase 4 (9º ano)
ALUNO-470,1,Fase 2 (5º e 6º ano)
ALUNO-471,1,Fase 2 (5º e 6º ano)
ALUNO-472,,
ALUNO-473,,
ALUNO-474,2,Fase 3 (7º e 8º ano)
ALUNO-475,3,Fase 4 (9º ano)
ALUNO-476,,
ALUNO-477,2,Fase 4 (9º ano)
ALUNO-478,,
ALUNO-479,6,Fase 7 (3º EM)
ALUNO-480,0,ALFA  (2º e 3º ano)
ALUNO-481,0,Fase 2 (5º e 6º ano)
ALUNO-482,3,Fase 4 (9º ano)
ALUNO-483,3,Fase 3 (7º e 8º ano)
ALUNO-484,,
ALUNO-485,,
ALUNO-486,3,Fase 4 (9º ano)
ALUNO-487,,
ALUNO-488,,
ALUNO-489,1,Fase 2 (5º e 6º ano)
ALUNO-490,4,Fase 7 (3º EM)
ALUNO-491,2,Fase 3 (7º e 8º ano)
ALUNO-492,,
ALUNO-493,1,Fase 2 (5º e 6º ano)
ALUNO-494,,
ALUNO-495,,
ALUNO-496,5,Fase 3 (7º e 8º ano)
ALUNO-497,3,Fase 3 (7º e 8º ano)
ALUNO-498,3,Fase 3 (7º e 8º ano)
ALUNO-499,2,Fase 3 (7º e 8º ano)
ALUNO-500,,
ALUNO-501,1,Fase 3 (7º e 8º ano)
ALUNO-502,4,Fase 5 (1º EM)
ALUNO-503,1,Fase 2 (5º e 6º ano)
ALUNO-504,5,Fase 7 (3º EM)
ALUNO-505,4,Fase 4 (9º ano)
ALUNO-506,,
ALUNO-507,4,Fase 5 (1º EM)
ALUNO-508,0,Fase 1 (4º ano)
ALUNO-509,,
ALUNO-510,0,Fase 1 (4º ano)
ALUNO-511,,
ALUNO-512,,
ALUNO-513,1,Fase 2 (5º e 6º ano)
ALUNO-514,5,Fase 6 (2º EM)
ALUNO-515,,
ALUNO-516,0,Fase 1 (4º ano)
ALUNO-517,,
ALUNO-518,,
ALUNO-519,0,ALFA  (2º e 3º ano)
ALUNO-520,4,Fase 3 (7º e 8º ano)
ALUNO-521,2,Fase 3 (7º e 8º ano)
ALUNO-522,2,Fase 3 (7º e 8º ano)
ALUNO-523,,
ALUNO-524,1,Fase 2 (5º e 6º ano)
ALUNO-525,7,Fase 8 (Universitários)
ALUNO-526,,
ALUNO-527,7,Fase 8 (Universitários)
ALUNO-528,3,Fase 4 (9º ano)
ALUNO-529,1,Fase 3 (7º e 8º ano)
ALUNO-530,,
ALUNO-531,,
ALUNO-532,0,Fase 2 (5º e 6º ano)
ALUNO-533,,
ALUNO-534,,
ALUNO-535,,
ALUNO-536,2,Fase 3 (7º e 8º ano)
ALUNO-537,0,Fase 2 (5º e 6º ano)
ALUNO-538,,
ALUNO-539,0,Fase 1 (4º ano)
ALUNO-540,,
ALUNO-541,5,Fase 5 (1º EM)
ALUNO-542,,
ALUNO-543,0,ALFA  (2º e 3º ano)
ALUNO-544,3,Fase 4 (9º ano)
ALUNO-545,,
ALUNO-546,7,Fase 8 (Universitários)
ALUNO-547,,
ALUNO-548,1,Fase 1 (4º ano)
ALUNO-549,,
ALUNO-550,,
ALUNO-551,0,ALFA  (2º e 3º ano)
ALUNO-552,,
ALUNO-553,1,Fase 2 (5º e 6º ano)
ALUNO-554,2,Fase 3 (7º e 8º ano)
ALUNO-555,,
ALUNO-556,3,Fase 5 (1º EM)
ALUNO-557,3,Fase 4 (9º ano)
ALUNO-558,3,Fase 5 (1º EM)
ALUNO-559,,
ALUNO-560,2,Fase 3 (7º e 8º ano)
ALUNO-561,3,Fase 6 (2º EM)
ALUNO-562,3,Fase 2 (5º e 6º ano)
ALUNO-563,1,Fase 2 (5º e 6º ano)
ALUNO-564,,
ALUNO-565,1,Fase 2 (5º e 6º ano)
ALUNO-566,6,Fase 6 (2º EM)
ALUNO-567,,
ALUNO-568,,
ALUNO-569,1,Fase 2 (5º e 6º ano)
ALUNO-570,,
ALUNO-571,,
ALUNO-572,,
ALUNO-573,0,Fase 2 (5º e 6º ano)
ALUNO-574,7,Fase 8 (Universitários)
ALUNO-575,0,Fase 1 (4º ano)
ALUNO-576,0,ALFA  (2º e 3º ano)
ALUNO-577,,
ALUNO-578,0,Fase 1 (4º ano)
ALUNO-579,2,Fase 3 (7º e 8º ano)
ALUNO-580,1,Fase 2 (5º e 6º ano)
ALUNO-581,,
ALUNO-582,1,Fase 2 (5º e 6º ano)
ALUNO-583,5,Fase 6 (2º EM)
ALUNO-584,,
ALUNO-585,2,Fase 6 (2º EM)
ALUNO-586,2,Fase 3 (7º e 8º ano)
ALUNO-587,0,Fase 1 (4º ano)
ALUNO-588,1,Fase 2 (5º e 6º ano)
ALUNO-589,,
ALUNO-590,0,ALFA  (2º e 3º ano)
ALUNO-591,1,Fase 1 (4º ano)
ALUNO-592,3,Fase 7 (3º EM)
ALUNO-593,5,Fase 7 (3º EM)
ALUNO-594,1,Fase 3 (7º e 8º ano)
ALUNO-595,1,ALFA  (2º e 3º ano)
ALUNO-596,,
ALUNO-597,,
ALUNO-598,,
ALUNO-599,,
ALUNO-600,0,Fase 2 (5º e 6º ano)
ALUNO-601,,
ALUNO-602,1,Fase 3 (7º e 8º ano)
ALUNO-603,2,Fase 4 (9º ano)
ALUNO-604,,
ALUNO-605,,
ALUNO-606,,
ALUNO-607,4,Fase 5 (1º EM)
ALUNO-608,5,Fase 6 (2º EM)
ALUNO-609,,
ALUNO-610,5,Fase 7 (3º EM)
ALUNO-611,,
ALUNO-612,1,Fase 4 (9º ano)
ALUNO-613,2,Fase 2 (5º e 6º ano)
ALUNO-614,,
ALUNO-615,1,Fase 2 (5º e 6º ano)
ALUNO-616,,
ALUNO-617,1,Fase 1 (4º ano)
ALUNO-618,,
ALUNO-619,,
ALUNO-620,,
ALUNO-621,0,Fase 2 (5º e 6º ano)
ALUNO-622,3,Fase 4 (9º ano)
ALUNO-623,3,Fase 3 (7º e 8º ano)
ALUNO-624,4,Fase 7 (3º EM)
ALUNO-625,,
ALUNO-626,,
ALUNO-627,,
ALUNO-628,0,Fase 2 (5º e 6º ano)
ALUNO-629,,
ALUNO-630,,
ALUNO-631,,
ALUNO-632,1,Fase 2 (5º e 6º ano)
ALUNO-633,1,Fase 2 (5º e 6º ano)
ALUNO-634,2,Fase 4 (9º ano)
ALUNO-635,,
ALUNO-636,,
ALUNO-637,2,Fase 3 (7º e 8º ano)
ALUNO-638,3,Fase 5 (1º EM)
ALUNO-639,,
ALUNO-640,,
ALUNO-641,2,Fase 3 (7º e 8º ano)
ALUNO-642,1,Fase 2 (5º e 6º ano)
ALUNO-643,0,Fase 1 (4º ano)
ALUNO-644,3,Fase 3 (7º e 8º ano)
ALUNO-645,1,Fase 2 (5º e 6º ano)
ALUNO-646,,
ALUNO-647,2,Fase 3 (7º e 8º ano)
ALUNO-648,,
ALUNO-649,3,Fase 4 (9º ano)
ALUNO-650,0,Fase 2 (5º e 6º ano)
ALUNO-651,1,Fase 3 (7º e 8º ano)
ALUNO-652,2,Fase 3 (7º e 8º ano)
ALUNO-653,,
ALUNO-654,2,Fase 3 (7º e 8º ano)
ALUNO-655,,
ALUNO-656,0,Fase 1 (4º ano)
ALUNO-657,3,Fase 3 (7º e 8º ano)
ALUNO-658,0,Fase 2 (5º e 6º ano)
ALUNO-659,,
ALUNO-660,,
ALUNO-661,,
ALUNO-662,1,Fase 2 (5º e 6º ano)
ALUNO-663,2,Fase 3 (7º e 8º ano)
ALUNO-664,6,Fase 7 (3º EM)
ALUNO-665,0,Fase 1 (4º ano)
ALUNO-666,,
ALUNO-667,3,Fase 4 (9º ano)
ALUNO-668,2,Fase 3 (7º e 8º ano)
ALUNO-669,1,Fase 3 (7º e 8º ano)
ALUNO-670,,
ALUNO-671,,
ALUNO-672,,
ALUNO-673,3,Fase 3 (7º e 8º ano)
ALUNO-674,3,Fase 4 (9º ano)
ALUNO-675,,
ALUNO-676,,
ALUNO-677,,
ALUNO-678,,
ALUNO-679,0,Fase 3 (7º e 8º ano)
ALUNO-680,,
ALUNO-681,3,Fase 5 (1º EM)
ALUNO-682,,
ALUNO-683,,
ALUNO-684,,
ALUNO-685,,
ALUNO-686,1,Fase 3 (7º e 8º ano)
ALUNO-687,3,Fase 6 (2º EM)
ALUNO-688,,
ALUNO-689,3,Fase 3 (7º e 8º ano)
ALUNO-690,0,Fase 2 (5º e 6º ano)
ALUNO-691,,
ALUNO-692,2,Fase 3 (7º e 8º ano)
ALUNO-693,1,Fase 2 (5º e 6º ano)
ALUNO-694,0,Fase 1 (4º ano)
ALUNO-695,1,Fase 2 (5º e 6º ano)
ALUNO-696,,
ALUNO-697,3,Fase 6 (2º EM)
ALUNO-698,,
ALUNO-699,,
ALUNO-700,2,Fase 3 (7º e 8º ano)
ALUNO-701,3,Fase 6 (2º EM)
ALUNO-702,,
ALUNO-703,4,Fase 5 (1º EM)
ALUNO-704,,
ALUNO-705,3,Fase 3 (7º e 8º ano)
ALUNO-706,3,Fase 4 (9º ano)
ALUNO-707,3,Fase 6 (2º EM)
ALUNO-708,1,Fase 3 (7º e 8º ano)
ALUNO-709,1,Fase 2 (5º e 6º ano)
ALUNO-710,3,Fase 3 (7º e 8º ano)
ALUNO-711,2,Fase 3 (7º e 8º ano)
ALUNO-712,,
ALUNO-713,,
ALUNO-714,,
ALUNO-715,1,Fase 2 (5º e 6º ano)
ALUNO-716,,
ALUNO-717,,
ALUNO-718,,
ALUNO-719,,
ALUNO-720,,
ALUNO-721,3,Fase 4 (9º ano)
ALUNO-722,1,Fase 3 (7º e 8º ano)
ALUNO-723,3,Fase 4 (9º ano)
ALUNO-724,,
ALUNO-725,,
ALUNO-726,,
ALUNO-727,0,Fase 2 (5º e 6º ano)
ALUNO-728,2,Fase 2 (5º e 6º ano)
ALUNO-729,4,Fase 6 (2º EM)
ALUNO-730,,
ALUNO-731,,
ALUNO-732,6,Fase 6 (2º EM)
ALUNO-733,,
ALUNO-734,3,Fase 3 (7º e 8º ano)
ALUNO-735,0,ALFA  (2º e 3º ano)
ALUNO-736,,
ALUNO-737,2,Fase 3 (7º e 8º ano)
ALUNO-738,4,Fase 4 (9º ano)
ALUNO-739,4,Fase 5 (1º EM)
ALUNO-740,,
ALUNO-741,5,Fase 6 (2º EM)
ALUNO-742,4,Fase 4 (9º ano)
ALUNO-743,1,Fase 2 (5º e 6º ano)
ALUNO-744,,
ALUNO-745,,
ALUNO-746,3,Fase 3 (7º e 8º ano)
ALUNO-747,5,Fase 5 (1º EM)
ALUNO-748,,
ALUNO-749,,
ALUNO-750,,
ALUNO-751,1,Fase 2 (5º e 6º ano)
ALUNO-752,0,Fase 1 (4º ano)
ALUNO-753,4,Fase 4 (9º ano)
ALUNO-754,5,Fase 7 (3º EM)
ALUNO-755,5,Fase 5 (1º EM)
ALUNO-756,,
ALUNO-757,3,Fase 5 (1º EM)
ALUNO-758,,
ALUNO-759,0,ALFA  (2º e 3º ano)
ALUNO-760,1,Fase 1 (4º ano)
ALUNO-761,0,Fase 1 (4º ano)
ALUNO-762,1,Fase 2 (5º e 6º ano)
ALUNO-763,1,Fase 2 (5º e 6º ano)
ALUNO-764,0,Fase 2 (5º e 6º ano)
ALUNO-765,0,ALFA  (2º e 3º ano)
ALUNO-766,6,Fase 7 (3º EM)
ALUNO-767,,
ALUNO-768,4,Fase 6 (2º EM)
ALUNO-769,,
ALUNO-770,3,Fase 3 (7º e 8º ano)
ALUNO-771,0,Fase 1 (4º ano)
ALUNO-772,7,Fase 8 (Universitários)
ALUNO-773,3,Fase 4 (9º ano)
ALUNO-774,3,Fase 3 (7º e 8º ano)
ALUNO-775,,
ALUNO-776,,
ALUNO-777,,
ALUNO-778,0,ALFA  (2º e 3º ano)
ALUNO-779,,
ALUNO-780,,
ALUNO-781,3,Fase 4 (9º ano)
ALUNO-782,,
ALUNO-783,2,Fase 3 (7º e 8º ano)
ALUNO-784,3,Fase 3 (7º e 8º ano)
ALUNO-785,,
ALUNO-786,,
ALUNO-787,5,Fase 7 (3º EM)
ALUNO-788,5,Fase 7 (3º EM)
ALUNO-789,,
ALUNO-790,5,Fase 5 (1º EM)
ALUNO-791,0,ALFA  (2º e 3º ano)
ALUNO-792,3,Fase 3 (7º e 8º ano)
ALUNO-793,,
ALUNO-794,4,Fase 7 (3º EM)
ALUNO-795,,
ALUNO-796,4,Fase 5 (1º EM)
ALUNO-797,,
ALUNO-798,4,Fase 5 (1º EM)
ALUNO-799,2,Fase 2 (5º e 6º ano)
ALUNO-800,1,Fase 2 (5º e 6º ano)
ALUNO-801,0,Fase 1 (4º ano)
ALUNO-802,1,ALFA  (2º e 3º ano)
ALUNO-803,,
ALUNO-804,1,Fase 2 (5º e 6º ano)
ALUNO-805,1,Fase 2 (5º e 6º ano)
ALUNO-806,0,ALFA  (2º e 3º ano)
ALUNO-807,1,Fase 2 (5º e 6º ano)
ALUNO-808,0,Fase 1 (4º ano)
ALUNO-809,,
ALUNO-810,2,Fase 3 (7º e 8º ano)
ALUNO-811,2,Fase 3 (7º e 8º ano)
ALUNO-812,0,Fase 2 (5º e 6º ano)
ALUNO-813,,
ALUNO-814,2,Fase 3 (7º e 8º ano)
ALUNO-815,4,Fase 6 (2º EM)
ALUNO-816,3,Fase 3 (7º e 8º ano)
ALUNO-817,3,Fase 6 (2º EM)
ALUNO-818,0,Fase 1 (4º ano)
ALUNO-819,0,Fase 1 (4º ano)
ALUNO-820,5,Fase 6 (2º EM)
ALUNO-821,,
ALUNO-822,1,Fase 1 (4º ano)
ALUNO-823,2,Fase 3 (7º e 8º ano)
ALUNO-824,2,Fase 3 (7º e 8º ano)
ALUNO-825,3,Fase 5 (1º EM)
ALUNO-826,,
ALUNO-827,,
ALUNO-828,6,Fase 7 (3º EM)
ALUNO-829,4,Fase 4 (9º ano)
ALUNO-830,5,Fase 5 (1º EM)
ALUNO-831,2,Fase 3 (7º e 8º ano)
ALUNO-832,3,Fase 3 (7º e 8º ano)
ALUNO-833,,
ALUNO-834,3,Fase 5 (1º EM)
ALUNO-835,2,Fase 3 (7º e 8º ano)
ALUNO-836,0,Fase 2 (5º e 6º ano)
ALUNO-837,,
ALUNO-838,,
ALUNO-839,1,Fase 3 (7º e 8º ano)
ALUNO-840,0,Fase 2 (5º e 6º ano)
ALUNO-841,0,Fase 1 (4º ano)
ALUNO-842,,
ALUNO-843,7,Fase 8 (Universitários)
ALUNO-844,1,Fase 3 (7º e 8º ano)
ALUNO-845,,
ALUNO-846,,
ALUNO-847,0,ALFA  (2º e 3º ano)
ALUNO-848,3,Fase 4 (9º ano)
ALUNO-849,,
ALUNO-850,4,Fase 4 (9º ano)
ALUNO-851,1,Fase 2 (5º e 6º ano)
ALUNO-852,0,Fase 1 (4º ano)
ALUNO-853,1,Fase 2 (5º e 6º ano)
ALUNO-854,2,Fase 2 (5º e 6º ano)
ALUNO-855,3,Fase 5 (1º EM)
ALUNO-856,5,Fase 7 (3º EM)
ALUNO-857,1,Fase 2 (5º e 6º ano)
ALUNO-858,2,Fase 3 (7º e 8º ano)
ALUNO-859,1,Fase 3 (7º e 8º ano)
ALUNO-860,,
ALUNO-861,4,Fase 6 (2º EM)
ALUNO-862,1,Fase 3 (7º e 8º ano)
ALUNO-863,0,ALFA  (2º e 3º ano)
ALUNO-864,2,Fase 3 (7º e 8º ano)
ALUNO-865,1,Fase 2 (5º e 6º ano)
ALUNO-866,1,Fase 2 (5º e 6º ano)
ALUNO-867,,
ALUNO-868,0,Fase 1 (4º ano)
ALUNO-869,1,Fase 2 (5º e 6º ano)
ALUNO-870,2,Fase 3 (7º e 8º ano)
ALUNO-871,,
ALUNO-872,3,Fase 4 (9º ano)
ALUNO-873,,
ALUNO-874,,
ALUNO-875,,
ALUNO-876,0,Fase 1 (4º ano)
ALUNO-877,3,Fase 4 (9º ano)
ALUNO-878,,
ALUNO-879,1,Fase 2 (5º e 6º ano)
ALUNO-880,,
ALUNO-881,1,Fase 2 (5º e 6º ano)
ALUNO-882,1,Fase 2 (5º e 6º ano)
ALUNO-883,1,Fase 1 (4º ano)
ALUNO-884,5,Fase 8 (Universitários)
ALUNO-885,1,Fase 2 (5º e 6º ano)
ALUNO-886,1,Fase 1 (4º ano)
ALUNO-887,1,Fase 1 (4º ano)
ALUNO-888,,
ALUNO-889,3,Fase 3 (7º e 8º ano)
ALUNO-890,,
ALUNO-891,1,Fase 1 (4º ano)
ALUNO-892,,
ALUNO-893,2,Fase 2 (5º e 6º ano)
ALUNO-894,,
ALUNO-895,0,ALFA  (2º e 3º ano)
ALUNO-896,2,Fase 3 (7º e 8º ano)
ALUNO-897,,
ALUNO-898,,
ALUNO-899,,
ALUNO-900,3,Fase 5 (1º EM)
ALUNO-901,1,Fase 2 (5º e 6º ano)
ALUNO-902,0,Fase 2 (5º e 6º ano)
ALUNO-903,2,Fase 2 (5º e 6º ano)
ALUNO-904,,
ALUNO-905,0,Fase 2 (5º e 6º ano)
ALUNO-906,,
ALUNO-907,,
ALUNO-908,,
ALUNO-909,2,Fase 4 (9º ano)
ALUNO-910,7,Fase 8 (Universitários)
ALUNO-911,4,Fase 7 (3º EM)
ALUNO-912,,
ALUNO-913,3,Fase 3 (7º e 8º ano)
ALUNO-914,2,Fase 4 (9º ano)
ALUNO-915,2,Fase 2 (5º e 6º ano)
ALUNO-916,5,Fase 5 (1º EM)
ALUNO-917,,
ALUNO-918,4,Fase 5 (1º EM)
ALUNO-919,7,Fase 7 (3º EM)
ALUNO-920,5,Fase 7 (3º EM)
ALUNO-921,3,Fase 7 (3º EM)
ALUNO-922,3,Fase 3 (7º e 8º ano)
ALUNO-923,0,Fase 2 (5º e 6º ano)
ALUNO-924,1,Fase 2 (5º e 6º ano)
ALUNO-925,0,ALFA  (2º e 3º ano)
ALUNO-926,3,Fase 4 (9º ano)
ALUNO-927,1,Fase 2 (5º e 6º ano)
ALUNO-928,,
ALUNO-929,,
ALUNO-930,6,Fase 7 (3º EM)
ALUNO-931,1,Fase 2 (5º e 6º ano)
ALUNO-932,3,Fase 4 (9º ano)
ALUNO-933,5,Fase 7 (3º EM)
ALUNO-934,7,Fase 8 (Universitários)
ALUNO-935,,
ALUNO-936,0,Fase 2 (5º e 6º ano)
ALUNO-937,3,Fase 3 (7º e 8º ano)
ALUNO-938,,
ALUNO-939,4,Fase 5 (1º EM)
ALUNO-940,,
ALUNO-941,3,Fase 4 (9º ano)
ALUNO-942,,
ALUNO-943,,
ALUNO-944,3,Fase 6 (2º EM)
ALUNO-945,4,Fase 6 (2º EM)
ALUNO-946,3,Fase 4 (9º ano)
ALUNO-947,1,Fase 2 (5º e 6º ano)
ALUNO-948,4,Fase 5 (1º EM)
ALUNO-949,2,Fase 3 (7º e 8º ano)
ALUNO-950,,
ALUNO-951,,
ALUNO-952,2,Fase 2 (5º e 6º ano)
ALUNO-953,,
ALUNO-954,0,Fase 1 (4º ano)
ALUNO-955,1,Fase 1 (4º ano)
ALUNO-956,,
ALUNO-957,2,Fase 3 (7º e 8º ano)
ALUNO-958,5,Fase 7 (3º EM)
ALUNO-959,1,Fase 3 (7º e 8º ano)
ALUNO-960,0,Fase 1 (4º ano)
ALUNO-961,2,Fase 2 (5º e 6º ano)
ALUNO-962,,
ALUNO-963,1,Fase 3 (7º e 8º ano)
ALUNO-964,3,Fase 3 (7º e 8º ano)
ALUNO-965,,
ALUNO-966,,
ALUNO-967,0,Fase 2 (5º e 6º ano)
ALUNO-968,,
ALUNO-969,2,Fase 2 (5º e 6º ano)
ALUNO-970,,
ALUNO-971,0,ALFA  (2º e 3º ano)
ALUNO-972,,
ALUNO-973,,
ALUNO-974,0,Fase 1 (4º ano)
ALUNO-975,0,Fase 1 (4º ano)
ALUNO-976,0,ALFA  (2º e 3º ano)
ALUNO-977,,
ALUNO-978,0,Fase 2 (5º e 6º ano)
ALUNO-979,1,Fase 2 (5º e 6º ano)
ALUNO-980,0,ALFA  (2º e 3º ano)
ALUNO-981,0,Fase 2 (5º e 6º ano)
ALUNO-982,2,Fase 2 (5º e 6º ano)
ALUNO-983,3,Fase 3 (7º e 8º ano)
ALUNO-984,1,Fase 3 (7º e 8º ano)
ALUNO-985,1,Fase 2 (5º e 6º ano)
ALUNO-986,,
ALUNO-987,,
ALUNO-988,1,Fase 2 (5º e 6º ano)
ALUNO-989,2,Fase 4 (9º ano)
ALUNO-990,2,Fase 3 (7º e 8º ano)
ALUNO-991,2,Fase 3 (7º e 8º ano)
ALUNO-992,,
ALUNO-993,5,Fase 6 (2º EM)
ALUNO-994,3,Fase 3 (7º e 8º ano)
ALUNO-995,1,Fase 2 (5º e 6º ano)
ALUNO-996,2,Fase 3 (7º e 8º ano)
ALUNO-997,2,Fase 2 (5º e 6º ano)
ALUNO-998,0,ALFA  (2º e 3º ano)
ALUNO-999,,
ALUNO-1000,2,Fase 2 (5º e 6º ano)
ALUNO-1001,0,Fase 1 (4º ano)
ALUNO-1002,4,Fase 6 (2º EM)
ALUNO-1003,,
ALUNO-1004,0,Fase 2 (5º e 6º ano)
ALUNO-1005,1,Fase 2 (5º e 6º ano)
ALUNO-1006,,
ALUNO-1007,,
ALUNO-1008,0,ALFA  (2º e 3º ano)
ALUNO-1009,0,Fase 1 (4º ano)
ALUNO-1010,2,Fase 2 (5º e 6º ano)
ALUNO-1011,0,Fase 1 (4º ano)
ALUNO-1012,,
ALUNO-1013,,
ALUNO-1014,1,Fase 3 (7º e 8º ano)
ALUNO-1015,4,Fase 4 (9º ano)
ALUNO-1016,,
ALUNO-1017,4,Fase 2 (5º e 6º ano)
ALUNO-1018,,
ALUNO-1019,,
ALUNO-1020,,
ALUNO-1021,,
ALUNO-1022,1,Fase 2 (5º e 6º ano)
ALUNO-1023,0,Fase 2 (5º e 6º ano)
ALUNO-1024,,
ALUNO-1025,0,ALFA  (2º e 3º ano)
ALUNO-1026,3,Fase 4 (9º ano)
ALUNO-1027,,
ALUNO-1028,3,Fase 3 (7º e 8º ano)
ALUNO-1029,3,Fase 3 (7º e 8º ano)
ALUNO-1030,2,Fase 3 (7º e 8º ano)
ALUNO-1031,1,Fase 2 (5º e 6º ano)
ALUNO-1032,,
ALUNO-1033,0,ALFA  (2º e 3º ano)
ALUNO-1034,2,Fase 3 (7º e 8º ano)
ALUNO-1035,,
ALUNO-1036,,
ALUNO-1037,3,Fase 3 (7º e 8º ano)
ALUNO-1038,5,Fase 5 (1º EM)
ALUNO-1039,0,Fase 2 (5º e 6º ano)
ALUNO-1040,3,Fase 4 (9º ano)
ALUNO-1041,,
ALUNO-1042,3,Fase 4 (9º ano)
ALUNO-1043,,
ALUNO-1044,0,Fase 1 (4º ano)
ALUNO-1045,2,Fase 2 (5º e 6º ano)
ALUNO-1046,,
ALUNO-1047,,
ALUNO-1048,1,Fase 1 (4º ano)
ALUNO-1049,1,Fase 2 (5º e 6º ano)
ALUNO-1050,0,Fase 1 (4º ano)
ALUNO-1051,3,Fase 4 (9º ano)
ALUNO-1052,2,Fase 2 (5º e 6º ano)
ALUNO-1053,5,Fase 7 (3º EM)
ALUNO-1054,1,Fase 1 (4º ano)
ALUNO-1055,4,Fase 4 (9º ano)
ALUNO-1056,,
ALUNO-1057,3,Fase 4 (9º ano)
ALUNO-1058,2,Fase 2 (5º e 6º ano)
ALUNO-1059,3,Fase 6 (2º EM)
ALUNO-1060,3,Fase 3 (7º e 8º ano)
ALUNO-1061,,
ALUNO-1062,5,Fase 5 (1º EM)
ALUNO-1063,0,Fase 2 (5º e 6º ano)
ALUNO-1064,,
ALUNO-1065,0,Fase 2 (5º e 6º ano)
ALUNO-1066,4,Fase 4 (9º ano)
ALUNO-1067,2,Fase 2 (5º e 6º ano)
ALUNO-1068,7,Fase 8 (Universitários)
ALUNO-1069,0,Fase 1 (4º ano)
ALUNO-1070,1,Fase 3 (7º e 8º ano)
ALUNO-1071,2,Fase 3 (7º e 8º ano)
ALUNO-1072,3,Fase 4 (9º ano)
ALUNO-1073,1,Fase 2 (5º e 6º ano)
ALUNO-1074,1,Fase 3 (7º e 8º ano)
ALUNO-1075,5,Fase 6 (2º EM)
ALUNO-1076,3,Fase 4 (9º ano)
ALUNO-1077,,
ALUNO-1078,2,Fase 3 (7º e 8º ano)
ALUNO-1079,,
ALUNO-1080,2,Fase 3 (7º e 8º ano)
ALUNO-1081,,
ALUNO-1082,1,Fase 2 (5º e 6º ano)
ALUNO-1083,,
ALUNO-1084,1,Fase 2 (5º e 6º ano)
ALUNO-1085,5,Fase 6 (2º EM)
ALUNO-1086,,
ALUNO-1087,,
ALUNO-1088,,
ALUNO-1089,,
ALUNO-1090,1,Fase 3 (7º e 8º ano)
ALUNO-1091,2,Fase 3 (7º e 8º ano)
ALUNO-1092,,
ALUNO-1093,7,Fase 8 (Universitários)
ALUNO-1094,,
ALUNO-1095,1,Fase 1 (4º ano)
ALUNO-1096,,
ALUNO-1097,4,Fase 4 (9º ano)
ALUNO-1098,0,Fase 1 (4º ano)
ALUNO-1099,2,Fase 2 (5º e 6º ano)
ALUNO-1100,,
ALUNO-1101,1,Fase 2 (5º e 6º ano)
ALUNO-1102,3,Fase 3 (7º e 8º ano)
ALUNO-1103,3,Fase 5 (1º EM)
ALUNO-1104,1,Fase 3 (7º e 8º ano)
ALUNO-1105,2,Fase 3 (7º e 8º ano)
ALUNO-1106,2,Fase 3 (7º e 8º ano)
ALUNO-1107,3,Fase 4 (9º ano)
ALUNO-1108,0,Fase 1 (4º ano)
ALUNO-1109,2,Fase 3 (7º e 8º ano)
ALUNO-1110,2,Fase 3 (7º e 8º ano)
ALUNO-1111,0,ALFA  (2º e 3º ano)
ALUNO-1112,,
ALUNO-1113,7,Fase 8 (Universitários)
ALUNO-1114,,
ALUNO-1115,,
ALUNO-1116,1,Fase 2 (5º e 6º ano)
ALUNO-1117,0,Fase 1 (4º ano)
ALUNO-1118,3,Fase 3 (7º e 8º ano)
ALUNO-1119,,
ALUNO-1120,1,Fase 1 (4º ano)
ALUNO-1121,0,ALFA  (2º e 3º ano)
ALUNO-1122,5,Fase 5 (1º EM)
ALUNO-1123,4,Fase 7 (3º EM)
ALUNO-1124,5,Fase 7 (3º EM)
ALUNO-1125,1,Fase 2 (5º e 6º ano)
ALUNO-1126,3,Fase 5 (1º EM)
ALUNO-1127,3,Fase 4 (9º ano)
ALUNO-1128,5,Fase 6 (2º EM)
ALUNO-1129,,
ALUNO-1130,3,Fase 3 (7º e 8º ano)
ALUNO-1131,,
ALUNO-1132,,
ALUNO-1133,,
ALUNO-1134,,
ALUNO-1135,0,Fase 1 (4º ano)
ALUNO-1136,5,Fase 6 (2º EM)
ALUNO-1137,,
ALUNO-1138,4,Fase 4 (9º ano)
ALUNO-1139,,
ALUNO-1140,,
ALUNO-1141,3,Fase 5 (1º EM)
ALUNO-1142,,
ALUNO-1143,,
ALUNO-1144,0,Fase 1 (4º ano)
ALUNO-1145,,
ALUNO-1146,,
ALUNO-1147,,
ALUNO-1148,,
ALUNO-1149,,
ALUNO-1150,1,Fase 2 (5º e 6º ano)
ALUNO-1151,4,Fase 5 (1º EM)
ALUNO-1152,2,Fase 2 (5º e 6º ano)
ALUNO-1153,3,Fase 4 (9º ano)
ALUNO-1154,1,Fase 2 (5º e 6º ano)
ALUNO-1155,0,ALFA  (2º e 3º ano)
ALUNO-1156,4,Fase 5 (1º EM)
ALUNO-1157,,
ALUNO-1158,,
ALUNO-1159,6,Fase 7 (3º EM)
ALUNO-1160,,
ALUNO-1161,4,Fase 6 (2º EM)
ALUNO-1162,0,Fase 2 (5º e 6º ano)
ALUNO-1163,7,Fase 8 (Universitários)
ALUNO-1164,,
ALUNO-1165,4,Fase 5 (1º EM)
ALUNO-1166,,
ALUNO-1167,2,Fase 2 (5º e 6º ano)
ALUNO-1168,1,Fase 3 (7º e 8º ano)
ALUNO-1169,2,Fase 2 (5º e 6º ano)
ALUNO-1170,1,Fase 2 (5º e 6º ano)
ALUNO-1171,4,Fase 3 (7º e 8º ano)
ALUNO-1172,,
ALUNO-1173,,
ALUNO-1174,6,Fase 7 (3º EM)
ALUNO-1175,,
ALUNO-1176,6,Fase 7 (3º EM)
ALUNO-1177,1,Fase 2 (5º e 6º ano)
ALUNO-1178,,
ALUNO-1179,2,Fase 3 (7º e 8º ano)
ALUNO-1180,2,Fase 3 (7º e 8º ano)
ALUNO-1181,1,Fase 3 (7º e 8º ano)
ALUNO-1182,0,ALFA  (2º e 3º ano)
ALUNO-1183,,
ALUNO-1184,1,Fase 2 (5º e 6º ano)
ALUNO-1185,1,Fase 2 (5º e 6º ano)
ALUNO-1186,3,Fase 4 (9º ano)
ALUNO-1187,,
ALUNO-1188,,
ALUNO-1189,,
ALUNO-1190,3,Fase 3 (7º e 8º ano)
ALUNO-1191,4,Fase 4 (9º ano)
ALUNO-1192,2,Fase 3 (7º e 8º ano)
ALUNO-1193,,
ALUNO-1194,1,Fase 2 (5º e 6º ano)
ALUNO-1195,4,Fase 3 (7º e 8º ano)
ALUNO-1196,,
ALUNO-1197,,
ALUNO-1198,,
ALUNO-1199,0,Fase 2 (5º e 6º ano)
ALUNO-1200,,
ALUNO-1201,,
ALUNO-1202,1,Fase 2 (5º e 6º ano)
ALUNO-1203,0,ALFA  (2º e 3º ano)
ALUNO-1204,1,Fase 2 (5º e 6º ano)
ALUNO-1205,,
ALUNO-1206,1,Fase 1 (4º ano)
ALUNO-1207,2,Fase 3 (7º e 8º ano)
ALUNO-1208,0,Fase 1 (4º ano)
ALUNO-1209,0,ALFA  (2º e 3º ano)
ALUNO-1210,0,Fase 1 (4º ano)
ALUNO-1211,0,Fase 1 (4º ano)
ALUNO-1212,,
ALUNO-1213,3,Fase 3 (7º e 8º ano)
ALUNO-1214,1,Fase 2 (5º e 6º ano)
ALUNO-1215,2,Fase 3 (7º e 8º ano)
ALUNO-1216,,
ALUNO-1217,4,Fase 5 (1º EM)
ALUNO-1218,,
ALUNO-1219,5,Fase 5 (1º EM)
ALUNO-1220,5,Fase 7 (3º EM)
ALUNO-1221,3,Fase 3 (7º e 8º ano)
ALUNO-1222,,
ALUNO-1223,3,Fase 3 (7º e 8º ano)
ALUNO-1224,2,Fase 3 (7º e 8º ano)
ALUNO-1225,,
ALUNO-1226,3,Fase 3 (7º e 8º ano)
ALUNO-1227,5,Fase 7 (3º EM)
ALUNO-1228,,
ALUNO-1229,,
ALUNO-1230,4,Fase 4 (9º ano)
ALUNO-1231,2,Fase 4 (9º ano)
ALUNO-1232,,
ALUNO-1233,6,Fase 6 (2º EM)
ALUNO-1234,,
ALUNO-1235,5,Fase 7 (3º EM)
ALUNO-1236,3,Fase 3 (7º e 8º ano)
ALUNO-1237,3,Fase 5 (1º EM)
ALUNO-1238,,
ALUNO-1239,2,Fase 3 (7º e 8º ano)
ALUNO-1240,,
ALUNO-1241,,
ALUNO-1242,,
ALUNO-1243,0,ALFA  (2º e 3º ano)
ALUNO-1244,1,Fase 2 (5º e 6º ano)
ALUNO-1245,5,Fase 7 (3º EM)
ALUNO-1246,0,ALFA  (2º e 3º ano)
ALUNO-1247,2,Fase 3 (7º e 8º ano)
ALUNO-1248,4,Fase 5 (1º EM)
ALUNO-1249,,
ALUNO-1250,4,Fase 5 (1º EM)
ALUNO-1251,4,Fase 4 (9º ano)
ALUNO-1252,,
ALUNO-1253,,
ALUNO-1254,,
ALUNO-1255,1,Fase 2 (5º e 6º ano)
ALUNO-1256,,
ALUNO-1257,,
ALUNO-1258,0,ALFA  (2º e 3º ano)
ALUNO-1260,1,Fase 3 (7º e 8º ano)
ALUNO-1261,,
ALUNO-1262,,
ALUNO-1263,3,Fase 3 (7º e 8º ano)
ALUNO-1264,2,Fase 3 (7º e 8º ano)
ALUNO-1265,,
ALUNO-1266,,
ALUNO-1267,0,ALFA  (2º e 3º ano)
ALUNO-1268,1,Fase 3 (7º e 8º ano)
ALUNO-1269,2,Fase 3 (7º e 8º ano)
ALUNO-1270,,
ALUNO-1271,3,Fase 3 (7º e 8º ano)
ALUNO-1272,0,ALFA  (2º e 3º ano)
ALUNO-1273,0,ALFA  (2º e 3º ano)
ALUNO-1274,,
ALUNO-1275,2,Fase 2 (5º e 6º ano)
ALUNO-1276,2,Fase 3 (7º e 8º ano)
ALUNO-1277,,
ALUNO-1278,1,Fase 2 (5º e 6º ano)
ALUNO-1279,5,Fase 6 (2º EM)
ALUNO-1280,0,ALFA  (2º e 3º ano)
ALUNO-1281,,
ALUNO-1282,,
ALUNO-1283,0,ALFA  (2º e 3º ano)
ALUNO-1284,,
ALUNO-1285,1,Fase 2 (5º e 6º ano)
ALUNO-1286,0,ALFA  (2º e 3º ano)
ALUNO-1287,1,Fase 3 (7º e 8º ano)
ALUNO-1288,,
ALUNO-1289,3,Fase 4 (9º ano)
ALUNO-1290,,
ALUNO-1291,,
ALUNO-1292,3,Fase 3 (7º e 8º ano)
ALUNO-1293,,
ALUNO-1294,,
ALUNO-1295,1,Fase 3 (7º e 8º ano)
ALUNO-1296,,
ALUNO-1297,,
ALUNO-1298,1,Fase 2 (5º e 6º ano)
ALUNO-1299,,
ALUNO-1300,1,Fase 2 (5º e 6º ano)
ALUNO-1301,,
ALUNO-1302,,
ALUNO-1303,,
ALUNO-1304,5,Fase 8 (Universitários)
ALUNO-1305,0,Fase 2 (5º e 6º ano)
ALUNO-1306,4,Fase 6 (2º EM)
ALUNO-1307,2,Fase 3 (7º e 8º ano)
ALUNO-1308,,
ALUNO-1309,,
ALUNO-1310,,
ALUNO-1311,3,Fase 4 (9º ano)
ALUNO-1312,3,Fase 3 (7º e 8º ano)
ALUNO-1313,,
ALUNO-1314,3,Fase 5 (1º EM)
ALUNO-1315,,
ALUNO-1316,,
ALUNO-1317,3,Fase 3 (7º e 8º ano)
ALUNO-1318,,
ALUNO-1319,2,Fase 3 (7º e 8º ano)
ALUNO-1320,2,Fase 3 (7º e 8º ano)
ALUNO-1321,0,Fase 1 (4º ano)
ALUNO-1322,5,Fase 6 (2º EM)
ALUNO-1323,2,Fase 3 (7º e 8º ano)
ALUNO-1324,2,Fase 3 (7º e 8º ano)
ALUNO-1325,,
ALUNO-1326,,
ALUNO-1327,2,Fase 4 (9º ano)
ALUNO-1328,,
ALUNO-1329,1,Fase 2 (5º e 6º ano)
ALUNO-1330,4,Fase 6 (2º EM)
ALUNO-1331,0,Fase 1 (4º ano)
ALUNO-1332,,
ALUNO-1333,1,Fase 1 (4º ano)
ALUNO-1334,1,Fase 1 (4º ano)
ALUNO-1335,2,Fase 3 (7º e 8º ano)
ALUNO-1336,,
ALUNO-1337,3,Fase 4 (9º ano)
ALUNO-1338,2,Fase 3 (7º e 8º ano)
ALUNO-1339,,
ALUNO-1340,3,Fase 8 (Universitários)
ALUNO-1341,,
ALUNO-1342,2,Fase 2 (5º e 6º ano)
ALUNO-1343,2,Fase 4 (9º ano)
ALUNO-1344,,
ALUNO-1345,,
ALUNO-1346,0,Fase 1 (4º ano)
ALUNO-1347,,
ALUNO-1348,4,Fase 5 (1º EM)
ALUNO-1349,3,Fase 5 (1º EM)
